{"cameraMode":{"drawMode":0,"name":"Shaded","section":"Shading Mode"},"sceneLighting":false,"audioPlay":false,"sceneViewState":{"showFog":true,"showMaterialUpdate":false,"showSkybox":false,"showFlares":true,"showImageEffects":true,"showParticleSystems":true},"in2DMode":false,"pivot":{"x":-4.818955898284912,"y":1.112663745880127,"z":4.253921031951904},"rotation":{"x":0.2768222391605377,"y":0.6324717402458191,"z":-0.2582833766937256,"w":0.6760333180427551},"size":1.8962719440460206,"orthographic":true}