{"cameraMode":{"drawMode":0,"name":"Shaded","section":"Shading Mode"},"sceneLighting":false,"audioPlay":false,"sceneViewState":{"showFog":true,"showMaterialUpdate":false,"showSkybox":false,"showFlares":true,"showImageEffects":true,"showParticleSystems":true},"in2DMode":false,"pivot":{"x":-5.420000076293945,"y":0.6778411865234375,"z":-0.027881011366844178},"rotation":{"x":-0.05766214802861214,"y":-0.19226689636707307,"z":0.01140444166958332,"w":-0.9796344637870789},"size":1.6351795196533204,"orthographic":true}