{"cameraMode":{"drawMode":0,"name":"Shaded","section":"Shading Mode"},"sceneLighting":false,"audioPlay":false,"sceneViewState":{"showFog":true,"showMaterialUpdate":false,"showSkybox":false,"showFlares":true,"showImageEffects":true,"showParticleSystems":true},"in2DMode":false,"pivot":{"x":-2.730198383331299,"y":1.033402681350708,"z":-5.0374274253845219},"rotation":{"x":0.036473795771598819,"y":0.964108943939209,"z":-0.19154687225818635,"w":0.18121108412742616},"size":3.4967565536499025,"orthographic":true}