{"cameraMode":{"drawMode":0,"name":"Shaded","section":"Shading Mode"},"sceneLighting":false,"audioPlay":false,"sceneViewState":{"showFog":true,"showMaterialUpdate":false,"showSkybox":false,"showFlares":true,"showImageEffects":true,"showParticleSystems":true},"in2DMode":false,"pivot":{"x":0.01000000536441803,"y":1.4199999570846558,"z":2.128000020980835},"rotation":{"x":-0.23713144659996034,"y":-0.3180474638938904,"z":0.08260004967451096,"w":-0.9142695069313049},"size":0.3370283842086792,"orthographic":true}