{"cameraMode":{"drawMode":0,"name":"Shaded","section":"Shading Mode"},"sceneLighting":false,"audioPlay":false,"sceneViewState":{"showFog":true,"showMaterialUpdate":false,"showSkybox":false,"showFlares":true,"showImageEffects":true,"showParticleSystems":true},"in2DMode":false,"pivot":{"x":1.0874627828598023,"y":1.3880417346954346,"z":-7.073657035827637},"rotation":{"x":0.2768222391605377,"y":0.6324717402458191,"z":-0.2582833766937256,"w":0.6760333180427551},"size":1.8055438995361329,"orthographic":true}