{"cameraMode":{"drawMode":0,"name":"Shaded","section":"Shading Mode"},"sceneLighting":true,"audioPlay":false,"sceneViewState":{"showFog":true,"showMaterialUpdate":false,"showSkybox":true,"showFlares":true,"showImageEffects":true,"showParticleSystems":true},"in2DMode":false,"pivot":{"x":12.299796104431153,"y":1.8904930353164673,"z":9.319418907165528},"rotation":{"x":0.25211936235427859,"y":0.5174068808555603,"z":-0.1627771258354187,"w":0.8013935685157776},"size":24.51278305053711,"orthographic":true}