{"cameraMode":{"drawMode":0,"name":"Shaded","section":"Shading Mode"},"sceneLighting":false,"audioPlay":false,"sceneViewState":{"showFog":true,"showMaterialUpdate":false,"showSkybox":false,"showFlares":true,"showImageEffects":true,"showParticleSystems":true},"in2DMode":false,"pivot":{"x":-2.155158758163452,"y":1.2326102256774903,"z":-0.4224691390991211},"rotation":{"x":0.018526878207921983,"y":0.6960064768791199,"z":-0.01710926555097103,"w":0.7178608179092407},"size":11.40243911743164,"orthographic":true}